<?xml version="1.0" encoding="UTF-8"?>
<robot generated="20180215 23:43:57.459" generator="Robot 3.0.2 (Python 2.7.13 on win32)">
<suite source="D:\T-Mobile\WRG\ebayshopping\ebay.txt" id="s1" name="Ebay">
<kw type="setup" name="Suite Setup" library="ebay_Testsuite.TestSuite">
<status status="PASS" endtime="20180215 23:43:57.944" starttime="20180215 23:43:57.944"></status>
</kw>
<test id="s1-t1" name="ebay_shopping_001">
<kw name="Testcase001 Initialize" library="ebay_Automation">
<arguments>
<arg>EBAY_PRODUCT_VALIDATION</arg>
</arguments>
<msg timestamp="20180215 23:43:57.944" level="INFO">*****************************************************************************************</msg>
<msg timestamp="20180215 23:43:57.944" level="INFO">self.testid : 001</msg>
<msg timestamp="20180215 23:43:57.944" level="INFO">*****************************************************************************************</msg>
<status status="PASS" endtime="20180215 23:43:57.944" starttime="20180215 23:43:57.944"></status>
</kw>
<kw name="Testcase Setup" library="ebay_Automation">
<msg timestamp="20180215 23:44:00.640" html="yes" level="INFO">	 &lt;b&gt;&lt;h2&gt;     BROWSER LAUNCHED SUCCESSFULLY : &lt;b style="color:green"&gt;PASS&lt;/b&gt; &lt;/h2&gt;&lt;/b&gt;</msg>
<status status="PASS" endtime="20180215 23:44:05.555" starttime="20180215 23:43:57.944"></status>
</kw>
<kw name="Testcase Test" library="ebay_Automation">
<msg timestamp="20180215 23:44:08.000" html="yes" level="INFO">	 &lt;b&gt;&lt;h2&gt;     PRODUCT SEARCH SUCCESSFUL : &lt;b style="color:green"&gt;PASS&lt;/b&gt; &lt;/h2&gt;&lt;/b&gt;</msg>
<msg timestamp="20180215 23:44:28.620" html="yes" level="INFO">	 &lt;b&gt;&lt;h2&gt;     PRODUCT CONTAINS WORD 'SONY' and 'TV' : &lt;b style="color:green"&gt;PASS&lt;/b&gt; &lt;/h2&gt;&lt;/b&gt;</msg>
<msg timestamp="20180215 23:44:32.403" html="yes" level="INFO">	 &lt;b&gt;&lt;h2&gt;     PRODUCT DETAILS CAPTURED SUCCESSFULLY : &lt;b style="color:green"&gt;PASS&lt;/b&gt; &lt;/h2&gt;&lt;/b&gt;</msg>
<msg timestamp="20180215 23:44:32.403" html="yes" level="INFO">	 &lt;b&gt;&lt;h2&gt;     'CONDITION' IS NOT EMPTY : &lt;b style="color:green"&gt;PASS&lt;/b&gt; &lt;/h2&gt;&lt;/b&gt;</msg>
<msg timestamp="20180215 23:44:39.793" html="yes" level="INFO">	 &lt;b&gt;&lt;h2&gt;     PRODUCT VALIDATION SUCCESSFUL : &lt;b style="color:green"&gt;PASS&lt;/b&gt; &lt;/h2&gt;&lt;/b&gt;</msg>
<msg timestamp="20180215 23:44:39.793" html="yes" level="INFO">	 &lt;b&gt;&lt;h2&gt;     PRODUCE DETAIL IN SHOPPING CART AND PRODUCT DETAIL PAGE MATCHES : &lt;b style="color:green"&gt;PASS&lt;/b&gt; &lt;/h2&gt;&lt;/b&gt;</msg>
<msg timestamp="20180215 23:44:39.793" html="yes" level="INFO">	 &lt;b&gt;&lt;h2&gt;     PRODUCE DETAIL IN SHOPPING CART AND PRODUCT DETAIL PAGE MATCHES : &lt;b style="color:green"&gt;PASS&lt;/b&gt; &lt;/h2&gt;&lt;/b&gt;</msg>
<msg timestamp="20180215 23:44:39.793" html="yes" level="INFO">	 &lt;b&gt;&lt;h2&gt;     PRODUCE DETAIL IN SHOPPING CART AND PRODUCT DETAIL PAGE MATCHES : &lt;b style="color:green"&gt;PASS&lt;/b&gt; &lt;/h2&gt;&lt;/b&gt;</msg>
<msg timestamp="20180215 23:44:39.793" html="yes" level="INFO">	 &lt;b&gt;&lt;h2&gt;     PRODUCE DETAIL IN SHOPPING CART AND PRODUCT DETAIL PAGE MATCHES : &lt;b style="color:green"&gt;PASS&lt;/b&gt; &lt;/h2&gt;&lt;/b&gt;</msg>
<status status="PASS" endtime="20180215 23:44:39.793" starttime="20180215 23:44:05.568"></status>
</kw>
<kw name="Testcase Cleanup" library="ebay_Automation">
<status status="PASS" endtime="20180215 23:44:40.094" starttime="20180215 23:44:39.793"></status>
</kw>
<doc>Testcase to Search Item and Validate the Product details.</doc>
<status status="PASS" endtime="20180215 23:44:40.094" critical="yes" starttime="20180215 23:43:57.944"></status>
</test>
<kw type="teardown" name="Suite Cleanup" library="ebay_Testsuite.TestSuite">
<status status="PASS" endtime="20180215 23:44:40.094" starttime="20180215 23:44:40.094"></status>
</kw>
<status status="PASS" endtime="20180215 23:44:40.094" starttime="20180215 23:43:57.475"></status>
</suite>
<statistics>
<total>
<stat fail="0" pass="1">Critical Tests</stat>
<stat fail="0" pass="1">All Tests</stat>
</total>
<tag>
</tag>
<suite>
<stat fail="0" id="s1" name="Ebay" pass="1">Ebay</stat>
</suite>
</statistics>
<errors>
</errors>
</robot>
